First Name,Last Name,Email,Company,Nationality,VIP Status
sarah,gillen,logolighters@live.com,logolighters llc,us,y
jonathan ,le,jonathan@bugbranding.com,lightning bug branding,us,y
danni,ashe,danni@hotbox.com,danni's hot box,us,n
will,kunz,orders@marcopdx.com,marco pdx,us,n
darryl,quinge,darryl@pemamerica.com,pem america,us,y
rebecca,love,rebecca@hotness.com,hotness inc,can,n
marcus,aurelius,marcus@ancientRome.com,Ancient Rome Inc,us,n
deeta,von teese,deeta@pinupgal.com,Pinup Gal LLC,us,y
